{
  "config": {
    "splits_dir": "week7/experiments/isic2019_splits_available",
    "image_dir": "data/isic2019/images",
    "checkpoint": "week7/experiments/stage06_isic2019_pretrained_full_lr5e5/model.pth",
    "output_dir": "week8/experiments/stage04_isic2019_pgd3_eval_eps1_255",
    "split": "test",
    "attack": "pgd",
    "epsilon": 0.00392156862745098,
    "alpha": 0.00196078431372549,
    "steps": 3,
    "eval_size": 512,
    "batch_size": 64,
    "num_workers": 8,
    "pin_memory": true,
    "amp": true,
    "pretrained": true,
    "image_size": 224,
    "seed": 42,
    "device": "cuda"
  },
  "result": {
    "attack": "pgd",
    "eval_size": 512,
    "epsilon": 0.00392156862745098,
    "alpha": 0.00196078431372549,
    "steps": 3,
    "clean_accuracy": 0.654296875,
    "adversarial_accuracy": 0.005859375,
    "adversarial_worst_class_accuracy": 0.0,
    "class_seen": {
      "MEL": 86,
      "NV": 267,
      "BCC": 62,
      "AK": 27,
      "BKL": 43,
      "DF": 8,
      "VASC": 3,
      "SCC": 16
    },
    "clean_class_accuracy": {
      "MEL": 0.46511627906976744,
      "NV": 0.7752808988764045,
      "BCC": 0.5806451612903226,
      "AK": 0.48148148148148145,
      "BKL": 0.6744186046511628,
      "DF": 0.5,
      "VASC": 0.6666666666666666,
      "SCC": 0.25
    },
    "adversarial_class_accuracy": {
      "MEL": 0.0,
      "NV": 0.0,
      "BCC": 0.016129032258064516,
      "AK": 0.0,
      "BKL": 0.0,
      "DF": 0.125,
      "VASC": 0.3333333333333333,
      "SCC": 0.0
    },
    "clean_group_metrics": {
      "label": {
        "groups": {
          "NV": {
            "seen": 267,
            "correct": 207,
            "accuracy": 0.7752808988764045
          },
          "BKL": {
            "seen": 43,
            "correct": 29,
            "accuracy": 0.6744186046511628
          },
          "MEL": {
            "seen": 86,
            "correct": 40,
            "accuracy": 0.46511627906976744
          },
          "SCC": {
            "seen": 16,
            "correct": 4,
            "accuracy": 0.25
          },
          "BCC": {
            "seen": 62,
            "correct": 36,
            "accuracy": 0.5806451612903226
          },
          "AK": {
            "seen": 27,
            "correct": 13,
            "accuracy": 0.48148148148148145
          },
          "DF": {
            "seen": 8,
            "correct": 4,
            "accuracy": 0.5
          },
          "VASC": {
            "seen": 3,
            "correct": 2,
            "accuracy": 0.6666666666666666
          }
        },
        "worst_group_accuracy": 0.25,
        "macro_group_accuracy": 0.5492011365044757
      },
      "sex": {
        "groups": {
          "female": {
            "seen": 228,
            "correct": 160,
            "accuracy": 0.7017543859649122
          },
          "male": {
            "seen": 280,
            "correct": 173,
            "accuracy": 0.6178571428571429
          },
          "unknown": {
            "seen": 4,
            "correct": 2,
            "accuracy": 0.5
          }
        },
        "worst_group_accuracy": 0.5,
        "macro_group_accuracy": 0.6065371762740184
      },
      "age_group": {
        "groups": {
          "31-45": {
            "seen": 145,
            "correct": 108,
            "accuracy": 0.7448275862068966
          },
          "61+": {
            "seen": 158,
            "correct": 90,
            "accuracy": 0.569620253164557
          },
          "46-60": {
            "seen": 143,
            "correct": 93,
            "accuracy": 0.6503496503496503
          },
          "0-30": {
            "seen": 62,
            "correct": 42,
            "accuracy": 0.6774193548387096
          },
          "unknown": {
            "seen": 4,
            "correct": 2,
            "accuracy": 0.5
          }
        },
        "worst_group_accuracy": 0.5,
        "macro_group_accuracy": 0.6284433689119627
      },
      "anatom_site_general": {
        "groups": {
          "anterior torso": {
            "seen": 140,
            "correct": 88,
            "accuracy": 0.6285714285714286
          },
          "posterior torso": {
            "seen": 65,
            "correct": 43,
            "accuracy": 0.6615384615384615
          },
          "lower extremity": {
            "seen": 87,
            "correct": 65,
            "accuracy": 0.7471264367816092
          },
          "unknown": {
            "seen": 54,
            "correct": 49,
            "accuracy": 0.9074074074074074
          },
          "head/neck": {
            "seen": 101,
            "correct": 52,
            "accuracy": 0.5148514851485149
          },
          "palms/soles": {
            "seen": 14,
            "correct": 9,
            "accuracy": 0.6428571428571429
          },
          "upper extremity": {
            "seen": 50,
            "correct": 29,
            "accuracy": 0.58
          },
          "oral/genital": {
            "seen": 1,
            "correct": 0,
            "accuracy": 0.0
          }
        },
        "worst_group_accuracy": 0.0,
        "macro_group_accuracy": 0.5852940452880706
      }
    },
    "adversarial_group_metrics": {
      "label": {
        "groups": {
          "NV": {
            "seen": 267,
            "correct": 0,
            "accuracy": 0.0
          },
          "BKL": {
            "seen": 43,
            "correct": 0,
            "accuracy": 0.0
          },
          "MEL": {
            "seen": 86,
            "correct": 0,
            "accuracy": 0.0
          },
          "SCC": {
            "seen": 16,
            "correct": 0,
            "accuracy": 0.0
          },
          "BCC": {
            "seen": 62,
            "correct": 1,
            "accuracy": 0.016129032258064516
          },
          "AK": {
            "seen": 27,
            "correct": 0,
            "accuracy": 0.0
          },
          "DF": {
            "seen": 8,
            "correct": 1,
            "accuracy": 0.125
          },
          "VASC": {
            "seen": 3,
            "correct": 1,
            "accuracy": 0.3333333333333333
          }
        },
        "worst_group_accuracy": 0.0,
        "macro_group_accuracy": 0.05930779569892473
      },
      "sex": {
        "groups": {
          "female": {
            "seen": 228,
            "correct": 2,
            "accuracy": 0.008771929824561403
          },
          "male": {
            "seen": 280,
            "correct": 1,
            "accuracy": 0.0035714285714285713
          },
          "unknown": {
            "seen": 4,
            "correct": 0,
            "accuracy": 0.0
          }
        },
        "worst_group_accuracy": 0.0,
        "macro_group_accuracy": 0.004114452798663325
      },
      "age_group": {
        "groups": {
          "31-45": {
            "seen": 145,
            "correct": 1,
            "accuracy": 0.006896551724137931
          },
          "61+": {
            "seen": 158,
            "correct": 1,
            "accuracy": 0.006329113924050633
          },
          "46-60": {
            "seen": 143,
            "correct": 1,
            "accuracy": 0.006993006993006993
          },
          "0-30": {
            "seen": 62,
            "correct": 0,
            "accuracy": 0.0
          },
          "unknown": {
            "seen": 4,
            "correct": 0,
            "accuracy": 0.0
          }
        },
        "worst_group_accuracy": 0.0,
        "macro_group_accuracy": 0.004043734528239111
      },
      "anatom_site_general": {
        "groups": {
          "anterior torso": {
            "seen": 140,
            "correct": 1,
            "accuracy": 0.007142857142857143
          },
          "posterior torso": {
            "seen": 65,
            "correct": 0,
            "accuracy": 0.0
          },
          "lower extremity": {
            "seen": 87,
            "correct": 1,
            "accuracy": 0.011494252873563218
          },